"TITLE","YEAR","LENGTH","GENRE","STUDIO","CERTNO"
"4400 - die Rückkehrer (Season 1)                  ","2004","247","TV-Serie                      ","Trinity Home Entertainment    ","66154"
"4400 - die Rückkehrer (Season 2)                  ","2005","532","TV-Serie                      ","Learning ZoneXpress           ","66154"
"4400 - die Rückkehrer (Season 3)                  ","2006","537","TV-Serie                      ","Learning ZoneXpress           ","66154"
"6 auf einen Streich: Märchenbox 1                 ","2006","180","TV-Serie                      ","Pondo Enterprises             ","211644"
"6 auf einen Streich: Märchenbox 2                 ","2008","180","TV-Serie                      ","Cheezy Flicks                 ","211644"
"6 auf einen Streich: Märchenbox 3                 ","2012","180","TV-Serie                      ","Miracle Pictures              ","211644"
"7 Zwerge – Männer allein im Wald                  ","2004","95","Komödie                       ","Reel Enterprises              ","272155"
"Ab durch die Hecke (Over the Hedge)               ","2006","89","Animation                     ","Vision Video                  ","110474"
"Abbitte (Atonement)                               ","2007","123","Drama                         ","MGM/UA                        ","60432"
"About a Boy                                       ","2002","112","Komödie                       ","Anchor Bay                    ","30364"
"Aeon Flux                                         ","2005","89","Sci-Fi                        ","Anchor Bay                    ","253407"
"Akte Jane (G.I. Jane)                             ","1997","125","Krieg                         ","Image                         ","145956"
"Aladdin                                           ","1992","90","Animation                     ","Madacy                        ","103583"
"Alatriste                                         ","2006","139","Action                        ","Trinity Home Entertainment    ","171723"
"Alexander                                         ","2004","173","Historical                    ","Platinum                      ","53526"
"Alle Lieben MICKY                                 ","2003","58","Animation                     ","Seedsman Group                ","103583"
"Alles ist erleuchtet (Everything Is Illuminated)  ","2005","104","Drama                         ","FilmRise                      ","267187"
"Along Came Polly (… und dann kam Polly)           ","2004","90","Komödie                       ","Screen Media Films            ","14761"
"American Princess                                 ","2004","100","Teenagers                     ","Mill Creek Entertainment      ","101208"
"American, The                                     ","2010","103","Crime                         ","Mill Creek Entertainment      ","117168"
"Amistad                                           ","1997","152","Drama                         ","Mill Creek Entertainment      ","245181"
"Anastasia                                         ","1997","90","Animation                     ","Mill Creek Entertainment      ","212734"
"Anna (TV Serie)                                   ","1987","150","Teenagers                     ","Shout! Factory                ","16895"
"Anna Karenina                                     ","1997","108","Drama                         ","United American               ","245106"
"Annie                                             ","1982","127","Teenagers                     ","EuroArts                      ","267179"
"Apocalypse Now                                    ","1979","139","Krieg                         ","Magnolia Pictures             ","240313"
"Argo                                              ","2012","120","Drama                         ","Netflix                       ","147347"
"Arielle, die Meerjungfrau                         ","2006","79","Animation                     ","TVA International             ","74070"
"Art of War                                        ","2000","117","Action                        ","TVA International             ","245075"
"Auf der Suche nach dem Beerental                  ","2007","72","Animation                     ","TVA International             ","35656"
"Aus nächster Nähe (Up Close & Personal)           ","1996","124","Drama                         ","Vendetta Filmworks            ","183717"
"Australia                                         ","2008","165","Drama                         ","Delta Entertainment           ","117913"
"Baader Meinhof Komplex, Der                       ","2008","150","Crime                         ","FUNimation                    ","262130"
"Babel                                             ","2006","138","Drama                         ","Films for the Humanities ...  ","40978"
"Bambi                                             ","2011","67","Animation                     ","MTI                           ","103583"
"Band of Brothers (Wir waren wie Brüder)           ","2004","782","Krieg                         ","Lions Gate                    ","245181"
"Bärenbrüder (Brother Bear)                        ","2003","85","Animation                     ","Metal Mind Records            ","105375"
"Barfuss                                           ","2005","110","Deutscher Film                ","Metal Mind Records            ","227922"
"Batman - The Dark Knight                          ","2008","152","Fantasy                       ","Efor Films                    ","72919"
"Batman Begins                                     ","2005","140","Fantasy                       ","Acorn Media                   ","72919"
"Beautifuld                                        ","2001","130","Drama                         ","Passport Video                ","101236"
"Before Sunrise                                    ","1995","101","Liebe                         ","Direct Source                 ","104934"
"Benny Hill - The Best of Benny Hill               ","1974","83","Komödie                       ","Diamante Films                ","184764"
"Besessen                                          ","2002","102","Liebe                         ","Producciones Albaran B&M      ","269837"
"Best of Me, The                                   ","2014","118","Drama                         ","Kultur                        ","183968"
"Bewegte Mann, Der                                 ","1994","93","Deutscher Film                ","EuroArts                      ","293899"
"Biene Maja - Teil 1                               ","2006","271","Animation                     ","EuroArts                      ","30487"
"Black Hawk Down                                   ","2001","150","Krieg                         ","Desert Mountain Media         ","145956"
"Black Swan                                        ","2010","108","Drama                         ","Excalibur Media Group         ","276987"
"Blood Diamond                                     ","2006","137","Drama                         ","GoodTimes Media               ","39904"
"Blow                                              ","2001","119","Crime                         ","JC Films                      ","123727"
"Bodyguard                                         ","1992","114","Liebe                         ","Vanguard                      ","270323"
"Bone Collector                                    ","1999","118","Crime                         ","NTCI                          ","90920"
"Bones: Die Knochenjägerin (Season 1)              ","2005","946","TV-Serie                      ","Producciones Albaran B&M      ","230525"
"Bones: Die Knochenjägerin (Season 2)              ","2008","840","TV-Serie                      ","Tekila Films                  ","230525"
"Bones: Die Knochenjägerin (Season 3)              ","2009","630","TV-Serie                      ","Venevision                    ","230525"
"Bones: Die Knochenjägerin (Season 4)              ","2010","1080","TV-Serie                      ","Warner Brothers               ","230525"
"Bones: Die Knochenjägerin (Season 5)              ","2011","959","TV-Serie                      ","Warner Brothers               ","230525"
"Bones: Die Knochenjägerin (Season 6)              ","2012","960","TV-Serie                      ","Warner Brothers               ","230525"
"Bones: Die Knochenjägerin (Season 7)              ","2013","960","TV-Serie                      ","Warner Brothers               ","230525"
"Book of Eli, The                                  ","2010","117","Sci-Fi                        ","Warner Brothers               ","230555"
"Born2Die (Cradle 2 the Grave)                     ","2003","100","Action                        ","Dialogue International        ","99273"
"Bounce                                            ","2000","102","Liebe                         ","Breaking Glass Pictures       ","85774"
"Bourne Identity, The                              ","2002","113","Action                        ","Mute Records                  ","244989"
"Bourne Supremacy, The                             ","2004","120","Action                        ","Mute Records                  ","49114"
"Bourne Ultimatum, The                             ","2007","110","Action                        ","Mute Records                  ","49114"
"Bowling for Columbine                             ","2002","119","Doku                          ","Mute Records                  ","232546"
"Braut des Prinzen, Die                            ","1987","98","Fantasy                       ","Cherry Red                    ","217846"
"Bridget Jones: The Edge of Reason                 ","2004","108","Komödie                       ","Cherry Red                    ","110012"
"Bridget Jones's Diary                             ","2001","94","Komödie                       ","Store For Music               ","204047"
"Brothers Grimm, The                               ","2005","118","Fantasy                       ","Laguna Films                  ","234691"
"Bus(c)h Piloten                                   ","2005","71","Doku                          ","FUNimation                    ","18996"
"Butterfly Effect 1, The                           ","2004","113","Horror                        ","FUNimation                    ","165365"
"Butterfly Effect 2, The                           ","2006","92","Horror                        ","FUNimation                    ","187334"
"Captain Corelli's Mandolin                        ","2001","124","Historical                    ","FUNimation                    ","37958"
"Cargo                                             ","2009","120","Schweizer Film                ","FUNimation                    ","8363"
"Carolina Moon (Lilien im Sommerwind)              ","2007","92","Drama                         ","Venus Pictures                ","176377"
"Cars 2                                            ","2011","106","Animation                     ","New Horizons                  ","73942"
"Casablanca                                        ","1942","102","Drama                         ","Latin Vision                  ","39989"
"Casanova                                          ","1976","166","Historical                    ","Vision Video                  ","165320"
"Casanova                                          ","2005","108","Komödie                       ","Buena Vista                   ","270578"
"Catch Me if You Can                               ","2002","140","Komödie                       ","Lions Gate                    ","245181"
"Catwoman                                          ","2004","97","Fantasy                       ","Lions Gate                    ","57589"
"Changing-Up, The (Ausgewechselt)                  ","2011","112","Komödie                       ","Lions Gate                    ","997"
"Chaos                                             ","2006","107","Action                        ","Lions Gate                    ","188847"
"Che: Part One                                     ","2008","128","Drama                         ","IFC Midnight                  ","90963"
"Che: Part Two                                     ","2008","131","Drama                         ","IFC Midnight                  ","90963"
"Chef zum Verlieben, Ein (Two weeks notice)        ","2002","97","Liebe                         ","Lions Gate                    ","214294"
"Children of Men, The                              ","2006","106","Sci-Fi                        ","Image                         ","64193"
"Chliine Iisbär - Em Nanouk sini Rettig            ","2012","76","Animation                     ","Warner Brothers               ","261493"
"Chocolat                                          ","2000","121","Liebe                         ","Warner Brothers Digital Dist. ","270578"
"Cinderella                                        ","1950","74","Animation                     ","Lions Gate                    ","103583"
"City of Angels (Stadt der Engel)                  ","1998","152","Drama                         ","Lions Gate                    ","129773"
"Cloverfield                                       ","2008","81","Sci-Fi                        ","Alpha Video                   ","9614"
"Coco, der neugierige Affe                         ","2006","88","Animation                     ","Delta Entertainment           ","210109"
"Conspiracy.com                                    ","2001","119","Crime                         ","Image                         ","192765"
"Cool Runnings                                     ","1993","98","Komödie                       ","Kino                          ","55521"
"Cowboys and Aliens                                ","2011","109","Sci-Fi                        ","Kino                          ","181533"
"Coyote Ugly                                       ","2000","94","Liebe                         ","Madacy                        ","237699"
"Cube                                              ","1998","92","Horror                        ","Fox                           ","209879"
"D-Day 6.6.44                                      ","2004","95","Krieg                         ","Indican Pictures              ","28897"
"Da Vinci Code, The                                ","2006","143","Action                        ","Kino                          ","101236"
"Dante's Peak                                      ","1997","112","Action                        ","Columbia/Tri-Star             ","41998"
"Daredevil                                         ","2003","110","Fantasy                       ","Sony Pictures                 ","110961"
"Darf ich Bitten? (Shall We Dance?)                ","2004","106","Komödie                       ","Columbia/Tri-Star             ","16479"
"Dark Angel - Season One                           ","2000","943","TV-Serie                      ","Films for the Humanities ...  ","290105"
"Dark Angel - Season Two                           ","2002","943","TV-Serie                      ","John Wiley & Sons             ","290105"
"Dark Water (Dunkle Wasser)                        ","2005","105","Horror                        ","Kino Lorber Studio Classics   ","269246"
"Däumeline                                         ","1994","83","Animation                     ","Earthling Press               ","212734"
"007 - 00 James Bond Story, The                    ","1999","60","James Bond                    ","FUNimation                    ","199538"
"007 - 00 Never Say Never Again (Sag niemals nie)  ","1983","137","James Bond                    ","FUNimation                    ","211559"
"007 - 01 Dr. No                                   ","1962","110","James Bond                    ","White Knuckle Xtreme          ","74212"
"007 - 02 From Russia With Love (Liebesgrüsse aus) ","1963","110","James Bond                    ","Nazca Plains                  ","74212"
"007 - 03 Goldfinger                               ","1964","112","James Bond                    ","Prentice Hall                 ","246976"
"007 - 04 Thunderball (Feuerball)                  ","1965","130","James Bond                    ","Eros Entertainment            ","74212"
"007 - 06 On Her Majesty`s Secret Service          ","1969","140","James Bond                    ","Wesscott Marketing            ","269224"
"007 - 07 Diamonds Are Forever (Diamantenfieber)   ","1971","118","James Bond                    ","CypherStyles.com              ","246976"
"007 - 09 Man with the Golden Gun, The             ","1974","123","James Bond                    ","Columbia/Tri-Star             ","246976"
"007 - 10 Spy Who Loved Me, The                    ","1977","125","James Bond                    ","Equinoxe Canada               ","255812"
"007 - 11 Moonraker (Moonraker - Streng geheim)    ","1979","126","James Bond                    ","MGM/UA                        ","255812"
"007 - 12 For Your Eyes Only (In tödlicher Mission)","1981","127","James Bond                    ","Tai Seng                      ","20377"
"007 - 13 Octopussy                                ","1983","130","James Bond                    ","Tai Seng                      ","20377"
"007 - 16 Licence to Kill (Lizenz zum Töten)       ","1989","133","James Bond                    ","Lions Gate                    ","20377"
"007 - 17 GoldenEye                                ","1995","130","James Bond                    ","Alliance Atlantis             ","76778"
"007 - 19 World Is Not Enough, The                 ","1999","128","James Bond                    ","Prentice Hall                 ","216471"
"007 - 21 Casino Royale                            ","2006","139","James Bond                    ","Homespun                      ","76778"
"007 - 23 Skyfall                                  ","2012","143","James Bond                    ","Homespun                      ","202798"
"10 Dinge, die ich an Dir hasse (10 Things …)      ","1999","90","Teenagers                     ","Xenon                         ","230803"
"10.000 BC                                         ","2008","104","Action                        ","West Coast Mafia              ","235900"
"101 Reykjavik                                     ","2000","88","Komödie                       ","Asylum Records                ","152733"
"1408                                              ","2007","94","Horror                        ","Definitive Jux                ","247547"
"2012                                              ","2009","158","Action                        ","Sony Japan                    ","235900"
"25 Stunden                                        ","2002","134","Crime                         ","Image                         ","152787"
"27 Dresses                                        ","2008","106","Komödie                       ","GoodTimes Media               ","156854"
"Day After Tomorrow                                ","2004","124","Action                        ","Teaching Art                  ","235900"
"Dead Man Walking                                  ","1995","120","Drama                         ","Diamante Films                ","223853"
"Death Proof                                       ","2007","110","Action                        ","Vanguard                      ","127800"
"Déjà Vu                                           ","2006","121","Action                        ","Venus Pictures                ","270391"
"Deutschmeister, Die                               ","1955","101","Heimatfilm                    ","Venus Pictures                ","34268"
"Die Tribute von Panem III (Mockingjay) - Teil 1   ","2014","125","Action                        ","Univision Music Group         ","109513"
"Dirty Dancing I                                   ","1987","97","Liebe                         ","Terra                         ","25891"
"Dirty Dancing II                                  ","2004","105","Liebe                         ","Xenon                         ","66996"
"Django Unchained                                  ","2012","165","Drama                         ","Image                         ","127800"
"Dodgeball                                         ","2004","96","Komödie                       ","Columbia/Tri-Star             ","276064"
"Dogma                                             ","1999","130","Komödie                       ","Sony Pictures                 ","275668"
"Dornröschen                                       ","2010","73","Animation                     ","Alpha Video                   ","103583"
"Down in the Valley                                ","2006","108","Drama                         ","Fuel 2000                     ","107864"
"Geisha, The Memoirs of a                          ","2005","144","Historical                    ","Oxford University Press       ","197647"
"Gestolene Herzen (Two If by Sea)                  ","1995","97","Liebe                         ","Oxford University Press       ","24500"
"Ghetto Gangz                                      ","2006","82","Action                        ","Wild Eye Releasing            ","255112"
"Ghost Rider                                       ","2007","105","Fantasy                       ","Image                         ","110961"
"Ghost Ship                                        ","2002","88","Horror                        ","Mongrel Media                 ","198631"
"Ghostwriter, Der                                  ","2010","128","Drama                         ","Wild Eye Releasing            ","224205"
"Girl with the Dragon Tattoo, The (Verblendung)    ","2011","158","Drama                         ","Adopt Films                   ","135303"
"Gladiator                                         ","2000","150","Historical                    ","Alpha Video                   ","145956"
"Golden Compass, The                               ","2007","113","Fantasy                       ","Films for the Humanities ...  ","216368"
"Gone Baby Gone                                    ","2007","123","Crime                         ","A&E Video                     ","147347"
"Good Morning, Vietnam                             ","1987","119","Krieg                         ","A&E Video                     ","273091"
"Good Shepherd, The                                ","2006","160","Drama                         ","A&E Video                     ","135311"
"Gothika                                           ","2003","97","Horror                        ","A&E Video                     ","138380"
"Green Zone                                        ","2010","115","Krieg                         ","A&E Video                     ","49114"
"Grosse Erwartungen (Great Expectations)           ","1998","111","Drama                         ","A&E Video                     ","64193"
"Grosse Haie - Kleine Fische (Shark Tale)          ","2004","86","Animation                     ","A&E Video                     ","219415"
"Hölle Vietnams, Die (A Bright Shining Lie)        ","1998","130","Krieg                         ","Sony Pictures                 ","242491"
"Hope Springs                                      ","2003","88","Liebe                         ","Fox Lorber                    ","1000"
"Hostage                                           ","2005","102","Crime                         ","Drummond & Smith Entertainment","8420"
"Hotel Rwanda                                      ","2004","121","Drama                         ","Asian Crush                   ","242491"
"Hugo Cabret                                       ","2011","126","Fantasy                       ","IRMovies.com                  ","288206"
"I am Legend                                       ","2007","100","Action                        ","WEA                           ","109513"
"I, Robot                                          ","2004","110","Sci-Fi                        ","WEA Latina                    ","133872"
"I.Q.                                              ","1994","96","Liebe                         ","Universal Music & Video       ","251177"
"Ice Age 1                                         ","2002","75","Animation                     ","Universal Music Latino        ","36305"
"Ice Age 2: The Meltdown                           ","2006","87","Animation                     ","Universal Music Latino        ","245436"
"Ice Age 4: Continental Drift                      ","2012","94","Animation                     ","Machete Music                 ","996"
"Identity                                          ","2003","87","Horror                        ","SISU Home Entertainment       ","196459"
"Im Juli                                           ","2000","100","Deutscher Film                ","First Look                    ","29705"
"Im Weissen Rössl                                  ","1952","91","Heimatfilm                    ","Trinity Home Entertainment    ","72639"
"Inception                                         ","2010","148","Sci-Fi                        ","United American               ","72919"
"Inglorious Basterds                               ","2009","153","Krieg                         ","Kultur                        ","127800"
"Inside Man                                        ","2006","129","Crime                         ","Shami Production              ","152787"
"Insider, The                                      ","1999","155","Crime                         ","Shami Production              ","179168"
"International, The                                ","2008","120","Crime                         ","Shami Production              ","250990"
"Interstellar                                      ","2014","169","Sci-Fi                        ","Vina Distributor              ","72919"
"Island, The                                       ","2005","127","Sci-Fi                        ","MGM/UA                        ","1004"
"Italian Job                                       ","2003","100","Crime                         ","Mill Creek Entertainment      ","998"
"Jacke und die Nimmerland Piraten                  ","2012","162","Animation                     ","Jive Records                  ","103583"
"Jacket, The                                       ","2005","107","Horror                        ","Mode                          ","179189"
"Jagdfieber (Open Season)                          ","2006","99","Animation                     ","Warner Brothers Digital Dist. ","110112"
"Jarhead                                           ","2005","115","Krieg                         ","Phase 4 Films                 ","202798"
"Jeanne d'Arc - Die Frau des Jahrtausends          ","1999","183","Drama                         ","Phase 4 Films                 ","245075"
"Johanna von Orleans (Joan of Arc)                 ","1999","152","Drama                         ","Univ. of Arkansas Press       ","255112"
"Jurassic World                                    ","2005","124","Action                        ","Madacy                        ","195721"
"K-PAX                                             ","2001","118","Sci-Fi                        ","Madacy                        ","186933"
"Kaltes Blut (Infamous)                            ","2006","110","Drama                         ","Madacy                        ","91974"
"Kammer, Die (The Chamber)                         ","1996","113","Drama                         ","Madacy                        ","289277"
"Keeping the Faith                                 ","2000","129","Komödie                       ","Madacy                        ","147106"
"Drachenzähmen (How to Train Your Dragon)          ","2010","98","Animation                     ","Music Video Distributors      ","254117"
"Dreamcatcher                                      ","2003","134","Horror                        ","Music Video Distributors      ","20317"
"Drei Haselnüsse für Aschenbrödel                  ","1974","83","Teenagers                     ","Fairchild Books               ","208079"
"Dreimäderlhaus, Das                               ","1958","97","Heimatfilm                    ","John Wiley & Sons             ","34268"
"Drive                                             ","2011","95","Action                        ","AIMS Multimedia               ","147162"
"Dschungelbuch, Das                                ","2013","75","Animation                     ","Venevision                    ","103583"
"Duchess, The (Die Herzogin)                       ","2008","110","Drama                         ","Laguna Films                  ","147146"
"Dumbo                                             ","2001","61","Animation                     ","Level 33 Entertainment        ","147199"
"E-Mail für dich (You've Got Mail)                 ","1998","118","Liebe                         ","Goldhil Home Media            ","147195"
"Eagle Eye                                         ","2008","112","Action                        ","Warner Brothers               ","107610"
"Eisbär, Der                                       ","1998","87","Deutscher Film                ","Warner Brothers               ","227922"
"Eiskönigin, Die (Frozen)                          ","2013","102","Animation                     ","Warner Brothers               ","103583"
"Eisprinzessin, Die                                ","2005","92","Teenagers                     ","Warner Brothers               ","220992"
"Elizabeth: The Golden Age                         ","2007","114","Drama                         ","Warner Brothers               ","48694"
"Elizabethtown                                     ","2005","123","Liebe                         ","Warner Brothers               ","282960"
"Ella - Verflixt & Zauberfaft                      ","2004","95","Teenagers                     ","Warner Brothers               ","212965"
"Elysium                                           ","2013","109","Sci-Fi                        ","Warner Brothers               ","1002"
"Emma                                              ","1996","120","Komödie                       ","Warner Brothers               ","91974"
"Ende, Das (Assault on Precinct 13)                ","2005","109","Crime                         ","Warner Brothers               ","136147"
"English Patient, The                              ","1996","162","Drama                         ","Warner Brothers               ","291813"
"Eragon                                            ","2006","100","Fantasy                       ","Warner Brothers               ","263751"
"Evelyn                                            ","2002","94","Drama                         ","Warner Brothers               ","144939"
"Exit                                              ","2006","97","Crime                         ","Warner Brothers               ","41436"
"Experiment, Das                                   ","2002","113","Deutscher Film                ","Warner Brothers               ","293000"
"Extreme Rage (Man Apart)                          ","2003","109","Action                        ","Desert Mountain Media         ","998"
"Fähnlein der sieben Aufrechten, Das               ","2001","90","Schweizer Film                ","Front Row                     ","77732"
"Fahrenheit 9/11                                   ","2004","116","Doku                          ","Republic Pictures             ","232546"
"Family Stone, The                                 ","2005","102","Komödie                       ","Republic Pictures             ","250295"
"Fantastic Four: Rise of the Silver Surfer         ","2007","92","Fantasy                       ","Buena Vista                   ","101929"
"Far and Away (In einem Fernen Land)               ","1992","140","Liebe                         ","Image                         ","101236"
"Fargo                                             ","1996","94","Komödie                       ","Acorn Media                   ","42382"
"Fast and the Furious                              ","2001","101","Action                        ","Acorn Media                   ","1001"
"Festen                                            ","1997","105","Komödie                       ","Acorn Media                   ","260586"
"Fifth Element                                     ","1997","127","Sci-Fi                        ","Acorn Media                   ","255112"
"Fight Club                                        ","1999","139","Action                        ","Acorn Media                   ","135303"
"Final Call, The                                   ","2004","94","Action                        ","Acorn Media                   ","51359"
"Final Destination                                 ","2000","97","Horror                        ","Acorn Media                   ","118670"
"Final Destination 2                               ","2003","90","Horror                        ","Acorn Media                   ","217316"
"Final Destination 3                               ","2006","92","Horror                        ","Acorn Media                   ","118670"
"Final Destination 4                               ","2009","82","Horror                        ","Acorn Media                   ","51359"
"Finding Nemo                                      ","2003","101","Animation                     ","Acorn Media                   ","73942"
"Flags of Our Fathers                              ","2006","126","Krieg                         ","Acorn Media                   ","221634"
"Flug 93 (United 93)                               ","2006","111","Doku                          ","Acorn Media                   ","49114"
"Fremde Sohn, Der (Changeling)                     ","2008","140","Drama                         ","Acorn Media                   ","221634"
"Frequency                                         ","2000","117","Sci-Fi                        ","Acorn Media                   ","231616"
"From Dusk till Dawn                               ","1996","108","Horror                        ","Diamond Entertainment         ","127800"
"From Hell                                         ","2001","115","Fantasy                       ","Garr Group                    ","52779"
"Full Metal Jacket                                 ","1987","116","Krieg                         ","MGM/UA                        ","27967"
"Geheimnisvolle Schatz von Troja, Der              ","2007","181","Historical                    ","Sony Pictures                 ","22772"
"My Super Ex-Girlfriend                            ","2006","93","Komödie                       ","PBS                           ","291212"
"Mystic River                                      ","2003","137","Drama                         ","Sony Music                    ","221634"
"Narnia I, The Chronicles of Narnia                ","2005","136","Fantasy                       ","PBS                           ","196513"
"Narnia II - Prinz Kaspian von Narnia              ","2008","139","Fantasy                       ","PBS                           ","196513"
"National Treasure I                               ","2004","126","Fantasy                       ","PBS                           ","55521"
"National Treasure II: Book of Secrets             ","2007","119","Fantasy                       ","PBS                           ","55521"
"Natural Born Killers                              ","1994","120","Crime                         ","PBS                           ","53526"
"NBA - Die 100 Besten Spiele der NBA               ","2004","53","Doku                          ","PBS                           ","253170"
"NBA - Dunks                                       ","2004","56","Doku                          ","PBS                           ","253170"
"Neutral                                           ","2001","92","Schweizer Film                ","PBS                           ","145006"
"Next                                              ","2007","92","Sci-Fi                        ","PBS                           ","125607"
"Next Door (Naboer)                                ","2005","72","Horror                        ","PBS                           ","190701"
"Night at the Museum (Nachts im Museum)            ","2006","102","Komödie                       ","PBS                           ","207963"
"Night at the Museum 2                             ","2009","105","Komödie                       ","Maverick Entertainment Group  ","207963"
"Niko - Ein Rentier hebt ab                        ","2010","76","Animation                     ","Warner Brothers Digital Dist. ","33925"
"No Country for old Men                            ","2007","122","Crime                         ","Indie Rights                  ","267435"
"Notting Hill                                      ","1999","123","Komödie                       ","Columbia/Tri-Star             ","270265"
"Nur mit dir (A Walk To Remember)                  ","2002","98","Drama                         ","Sony Pictures                 ","190700"
"Oblivion                                          ","2013","129","Sci-Fi                        ","Lions Gate                    ","22539"
"Ocean's 11                                        ","2001","116","Crime                         ","Sony Pictures                 ","90963"
"Ocean's 12                                        ","2004","125","Crime                         ","Warner Brothers Digital Dist. ","90963"
"Ocean's 13                                        ","2007","117","Crime                         ","Global Lens                   ","90963"
"On the Line                                       ","2001","90","Liebe                         ","Typecast Releasing            ","101697"
"Once Upon a Time                                  ","2012","902","TV-Serie                      ","IFC                           ","12424"
"One Way                                           ","2007","112","Crime                         ","IFC                           ","212661"
"Operation Walküre - Stauffenberg Attentat         ","2008","123","Krieg                         ","Mongrel Media                 ","73451"
"Operation: Kingdom                                ","2007","105","Drama                         ","DistriMax                     ","284879"
"Others, The                                       ","2001","104","Horror                        ","RGB Arte Visual               ","27017"
"P.S. – I Love You                                 ","2007","121","Drama                         ","Percussioni DJ                ","33073"
"P.S. – Liebe auf Anfang                           ","2004","97","Drama                         ","Shanachie                     ","74551"
"Pacific, The                                      ","2010","522","Krieg                         ","Homespun                      ","31006"
"Pakt der Wölfe (Brotherhood of the Wolf)          ","2002","137","Fantasy                       ","A&E Video                     ","245674"
"Parfum, Das                                       ","2006","142","Drama                         ","Lions Gate                    ","250990"
"Password Swordfish                                ","2001","99","Crime                         ","Fox                           ","164550"
"Pate I (The Godfather)                            ","1972","175","Drama                         ","Fox                           ","240313"
"Pate II (The Godfather: Part II)                  ","1974","192","Drama                         ","TLC                           ","240313"
"Patton                                            ","1970","170","Krieg                         ","TLC                           ","32935"
"Paycheck                                          ","2003","119","Sci-Fi                        ","TLC                           ","13933"
"Pearl Harbor                                      ","2001","170","Krieg                         ","TLC                           ","1004"
"Percy Jackson - Diebe im Olymp                    ","2010","119","Fantasy                       ","TLC                           ","36844"
"Perfect World                                     ","1993","130","Drama                         ","TLC                           ","221634"
"Perfekte Verbrechen, Das (Fracture)               ","2007","109","Crime                         ","TLC                           ","231616"
"Peter Pan (Walt Disney)                           ","2012","77","Animation                     ","Kung Fu Films                 ","103583"
"Pirates of the Caribbean II: Dead Man's Chest     ","2006","150","Fantasy                       ","Osiris Entertainment          ","266604"
"Pirates of the Caribbean III: At World's End      ","2007","162","Fantasy                       ","Bennett-Watt Media            ","266604"
"Pirates of the Caribbean IV: Fremde Gezeiten      ","2011","131","Fantasy                       ","Parade Video                  ","197647"
"Pitch Black                                       ","2000","107","Sci-Fi                        ","Grupo Nuevo Imagen            ","39034"
"Platoon                                           ","1986","111","Krieg                         ","Pathfinder                    ","53526"
"Pledge, The                                       ","2001","124","Crime                         ","AIX Records                   ","6966"
"Plötzlich Prinzessin                              ","2001","115","Teenagers                     ","Warner Brothers               ","191944"
"Plötzlich Prinzessin 2                            ","2004","115","Teenagers                     ","Warner Brothers               ","191944"
"Pocahontas                                        ","1995","87","Animation                     ","Warner Brothers               ","193729"
"Polar Express                                     ","2004","100","Animation                     ","Warner Brothers               ","169871"
"Poseidon                                          ","2006","94","Action                        ","Warner Brothers               ","6962"
"Prestige, The                                     ","2006","128","Drama                         ","Warner Brothers               ","72919"
"Prince & Me, The                                  ","2004","111","Teenagers                     ","CBS                           ","204572"
"Princess of Thieves (Gwyn)                        ","2001","88","Action                        ","Universal                     ","45503"
"Prinzessin Fantaghiro                             ","1991","921","Fantasy                       ","A&E Video                     ","192930"
"Prometheus                                        ","2012","124","Sci-Fi                        ","Desert Island Films           ","145956"
"Pulp Fiction                                      ","1994","154","Crime                         ","Open University               ","127800"
"Rambo IV                                          ","2007","87","Action                        ","MathTutorDVD                  ","58342"
"Rapunzel                                          ","2010","91","Animation                     ","Tell Me Why                   ","103583"
"Ratatouille                                       ","2007","108","Animation                     ","Tell Me Why                   ","73942"
"Reader, The (Der Vorleser)                        ","2008","124","Drama                         ","Tell Me Why                   ","6963"
"Red Planet                                        ","2000","110","Sci-Fi                        ","Tell Me Why                   ","223844"
"Reservoir Dogs                                    ","1992","99","Crime                         ","Tell Me Why                   ","127800"
"Resident Evil                                     ","2002","100","Horror                        ","Tell Me Why                   ","149796"
"Resident Evil: Apocalypse                         ","2004","99","Horror                        ","Tell Me Why                   ","247050"
"Resident Evil: Extinction                         ","2007","95","Horror                        ","Tell Me Why                   ","97646"
"Rezept zum Verlieben (No Reservations)            ","2007","100","Komödie                       ","Tell Me Why                   ","169579"
"Riddick - The Chronicles of Riddick               ","2004","155","Sci-Fi                        ","Tell Me Why                   ","39034"
"Rio                                               ","2011","92","Animation                     ","Tell Me Why                   ","245436"
"Rio 2                                             ","2004","101","Animation                     ","Tell Me Why                   ","245436"
"Ritter und Burgen (WAS IST WAS)                   ","2006","25","Doku                          ","Tell Me Why                   ","116038"
"Robin Hood                                        ","2010","80","Animation                     ","Tell Me Why                   ","103583"
"Robin Hood: Prince of Thieves                     ","1991","143","Historical                    ","Tell Me Why                   ","6964"
"Robots                                            ","2005","89","Animation                     ","Tell Me Why                   ","36305"
"Romeo + Juliet                                    ","1996","120","Drama                         ","Tell Me Why                   ","117913"
"Ronin                                             ","1998","121","Action                        ","Tell Me Why                   ","270268"
"Rubinrot                                          ","2013","122","Fantasy                       ","Tell Me Why                   ","6965"
"S.W.A.T.                                          ","2003","117","Action                        ","Tell Me Why                   ","251779"
"Sahara                                            ","2005","127","Action                        ","Tell Me Why                   ","99820"
"Sandmännchen - Frühlingsträume                    ","2009","50","Animation                     ","Tell Me Why                   ","215148"
"Sandmännchen - Gute Nacht                         ","2009","50","Animation                     ","Tell Me Why                   ","215148"
"Sandmännchen - Gute Nacht Geschichten             ","2009","50","Animation                     ","Tell Me Why                   ","215148"
"Thirteen Days                                     ","2000","135","Action                        ","Laguna Films                  ","41998"
"Tierisch Wild (Over the Hedge)                    ","2006","78","Animation                     ","Thump Records                 ","103583"
"Tigerland                                         ","2000","109","Krieg                         ","Alpha Video                   ","80100"
"Tim und Struppi                                   ","2011","102","Animation                     ","MGM/UA                        ","245181"
"Tinker Bell: Legende vom Nimmerbiest              ","2014","76","Animation                     ","Frontiers                     ","59516"
"Tinker Bell: Secret of the Wings                  ","2012","92","Animation                     ","A2ZCDS                        ","9087"
"Tinker Bell: The Great Dairy Rescue               ","2010","75","Animation                     ","Kultur                        ","103583"
"Tintenherz (Inkheart)                             ","2007","102","Fantasy                       ","Chris Felver                  ","186933"
"Tollkühne Hexe in ihrem fliegenden Bett, Die      ","1971","89","Animation                     ","Morningstar Entertainment     ","162492"
"Tomb Raider (Lara Croft)                          ","2001","105","Fantasy                       ","MTI                           ","49562"
"Traffic                                           ","2000","140","Crime                         ","MTI                           ","90963"
"Training Day                                      ","2001","120","Crime                         ","Mill Creek Entertainment      ","40037"
"TRaumschiff Surprise - Periode I                  ","2004","84","Deutscher Film                ","Image                         ","61334"
"Tribute von Panem (The Hunger Games)              ","2012","135","Action                        ","Peach DVD                     ","116724"
"Tribute von Panem II (Catching Fire)              ","2013","146","Action                        ","Image                         ","109513"
"Tribute von Panem III - Mockingjay Teil 1         ","2014","125","Action                        ","BCI Eclipse / Brentwood       ","109513"
"Tricks (Matchstick Men)                           ","2003","115","Crime                         ","Heinemann                     ","145956"
"Tristan & Isolde                                  ","2006","120","Historical                    ","BCI Eclipse / Brentwood       ","6964"
"Tropic Thunder                                    ","2008","102","Komödie                       ","Topics Entertainment          ","73450"
"Troy                                              ","2004","163","Historical                    ","Grapevine Video               ","6962"
"Twilight - Biss zum Morgengrauen                  ","2008","121","Fantasy                       ","Vanguard                      ","91667"
"Twilight II - Biss zur Mittagsstunde              ","2009","130","Fantasy                       ","Grapevine Video               ","216368"
"Twilight III - Biss zum Abendrot                  ","2010","124","Fantasy                       ","Entertainment Distributing    ","18959"
"Twilight IV - Biss zum Ende der Nacht Teil 1      ","2011","117","Fantasy                       ","Timeless Multimedia           ","43949"
"U-571                                             ","2000","116","Krieg                         ","Passport Video                ","118269"
"Ultraviolet                                       ","2006","88","Sci-Fi                        ","Pathfinder                    ","25905"
"Unbarmherzigen Schwestern, Die (Magdalene Sisters)","2003","119","Drama                         ","Gravitas Ventures             ","257459"
"Unbequeme Wahrheit, Eine                          ","2006","93","Doku                          ","Postcard Video                ","18960"
"Unbreakable                                       ","2000","107","Sci-Fi                        ","Peach DVD                     ","19179"
"Under the Tuscan Sun                              ","2003","115","Komödie                       ","Vivid                         ","197672"
"Underworld I                                      ","2003","121","Fantasy                       ","Strand                        ","124338"
"Underworld II: Evolution                          ","2006","105","Fantasy                       ","Columbia/Tri-Star             ","124338"
"Underworld III: Aufstand der Lykaner              ","2009","90","Fantasy                       ","Films for the Humanities ...  ","141321"
"Unglaublichen, Die (Incredibles)                  ","2004","115","Animation                     ","Grapevine Video               ","73942"
"Unleashed                                         ","2005","142","Action                        ","Columbia/Tri-Star             ","118602"
"Untergang der Estonia (Baltic Storm)              ","2003","111","Doku                          ","Image                         ","268433"
"Untergang, Der                                    ","2004","150","Krieg                         ","Image                         ","151794"
"V for Vendetta                                    ","2005","132","Action                        ","Jef Films                     ","43405"
"Van Helsing                                       ","2004","125","Fantasy                       ","Sony Pictures                 ","74597"
"Vanity Fair                                       ","2004","137","Drama                         ","Discovery Education           ","994"
"Verbotene Schlüssel, Der                          ","2005","104","Horror                        ","Green Apple Entertainment     ","186933"
"Verdingbub, Der                                   ","2011","110","Drama                         ","Alpha Video                   ","226382"
"Verliebt in Berlin                                ","2006","700","Teenagers                     ","Paramount                     ","19180"
"Versprechen eines Lebens, Das                     ","2014","111","Drama                         ","Paramount                     ","105328"
"Vier Federn, Die (The Four Feathers)              ","2002","125","Drama                         ","Paramount                     ","48694"
"Vitus                                             ","2006","120","Drama                         ","Paramount                     ","58274"
"Von Löwen und Lämmern (Lions for Lambs)           ","2007","92","Krieg                         ","Paramount                     ","169673"
"Vorahnung, Die (Premonition)                      ","2007","92","Drama                         ","Paramount                     ","99521"
"Wag the Dog                                       ","1997","105","Komödie                       ","Paramount                     ","273091"
"Wallace & Gromit                                  ","1993","82","Animation                     ","Paramount                     ","219415"
"We Were Soldiers                                  ","2002","138","Krieg                         ","Paramount                     ","35865"
"Wedding Date, The                                 ","2005","90","Liebe                         ","Paramount                     ","271201"
"When Trumpets Fade                                ","1998","92","Krieg                         ","Paramount                     ","33753"
"White House Down                                  ","2013","131","Action                        ","Paramount                     ","235900"
"White Men Can't Jump                              ","1992","115","Komödie                       ","Paramount                     ","73369"
"White Oleander                                    ","2002","110","Drama                         ","Paramount                     ","153454"
"Wickie und die starken Männer                     ","2013","46","Animation                     ","Paramount                     ","114810"
"Wimbledon                                         ","2004","100","Liebe                         ","Paramount                     ","142195"
"Windtalkers                                       ","2002","134","Krieg                         ","Paramount                     ","13933"
"Winnie Puuh - Die kleinen Entdecker               ","2004","70","Animation                     ","JVC Japan                     ","103583"
"Wintersonnenwende                                 ","2007","94","Fantasy                       ","Image                         ","110089"
"Witch Hunters (Hansel und Gretel)                 ","2013","83","Fantasy                       ","Image                         ","286309"
"Wo die Liebe hinfällt … (Rumor Has It …)          ","2005","96","Liebe                         ","Image                         ","217846"
"Woman in Black, The                               ","2012","95","Horror                        ","Image                         ","253145"
"World Trade Center                                ","2006","124","Drama                         ","Woodhaven                     ","53526"
"World War Z                                       ","2013","116","Sci-Fi                        ","FilmRise                      ","116708"
"Wunder von Bern, Das                              ","2003","118","Deutscher Film                ","Desert Island Films           ","293899"
"xXx                                               ","2002","124","Action                        ","Woodhaven                     ","1001"
"Yamakasi                                          ","2002","90","Action                        ","Sony Pictures                 ","255112"
"Arn - Der Kreuzritter                             ","2008","128","Historical                    ","TVA International             ","77165"
"Avatar - Aufbruch nach Pandora                    ","2009","162","Sci-Fi                        ","Vision Video                  ","290105"
"Bandidas                                          ","2005","93","Komödie                       ","Lions Gate                    ","96960"
"Battleship                                        ","2012","131","Sci-Fi                        ","Idem Home Video               ","284879"
"Bernard & Bianca                                  ","2002","73","Animation                     ","Studio Latino                 ","103583"
"Big Fish                                          ","2003","110","Fantasy                       ","Playa Films                   ","116651"
"Cars                                              ","2006","114","Animation                     ","Libros Sin Fronterras         ","73942"
"Cast Away                                         ","2000","143","Drama                         ","USA                           ","169871"
"Charlie Wilson's War                              ","2007","102","Crime                         ","Lions Gate                    ","11151"
"Chip & Chap - Die Ritter des Rechts (Vol. 1)      ","2012","440","Animation                     ","Image                         ","103583"
"City of God                                       ","2003","130","Drama                         ","Mongrel Media                 ","55888"
"Constantine                                       ","2005","121","Fantasy                       ","Kino                          ","109513"
"007 - 22 Quantum of Solace (Ein Quantum Trost)    ","2008","106","James Bond                    ","Homespun                      ","116708"
"13te Krieger, Der (The 13th Warrior)              ","1999","103","Historical                    ","Koch Records                  ","91447"
"300                                               ","2007","112","Historical                    ","Films for the Humanities ...  ","286755"
"Departed, The                                     ","2006","145","Drama                         ","Studio Latino                 ","288206"
"District 9                                        ","2009","108","Sci-Fi                        ","Fox Lorber                    ","1002"
"Dolmetscherin, Die (The Interpreter)              ","2005","123","Crime                         ","Delta Entertainment           ","278670"
"Illusionist, The                                  ","2006","110","Fantasy                       ","Kino Lorber                   ","14760"
"Inside Job                                        ","2010","120","Doku                          ","Celebrity                     ","65310"
"Iron Man                                          ","2008","118","Sci-Fi                        ","Fenix Pictures                ","181533"
"Jackie Brown                                      ","1997","155","Komödie                       ","Warner Brothers               ","127800"
"Junge im gestreiften Pyjama, Der                  ","2008","95","Drama                         ","Madacy                        ","1000"
"Kate & Leopold                                    ","2001","120","Liebe                         ","Madacy                        ","196459"
"Fantastic Four                                    ","2005","104","Fantasy                       ","JSA Records                   ","101929"
"FernGully 1 & 2                                   ","1997","73","Animation                     ","Acorn Media                   ","212734"
"Final Cut                                         ","2004","105","Sci-Fi                        ","Acorn Media                   ","207967"
"Finding Forrester                                 ","2000","131","Drama                         ","Acorn Media                   ","170857"
"French Kiss                                       ","1995","111","Liebe                         ","Acorn Media                   ","20317"
"Gattaca                                           ","1997","112","Sci-Fi                        ","Sony Pictures                 ","96623"
"Oxford Murders                                    ","2008","104","Crime                         ","RGB Arte Visual               ","116676"
"Pakt, Der (The Couvenant)                         ","2006","93","Horror                        ","Xenon                         ","279579"
"Pate III (The Godfather: Part III)                ","1990","163","Drama                         ","TLC                           ","240313"
"Keinohrhasen                                      ","2008","111","Deutscher Film                ","Madacy                        ","227922"
"Kill Bill, Volume 1                               ","2003","96","Action                        ","Madacy                        ","127800"
"Kill Bill, Volume 2                               ","2004","137","Action                        ","Madacy                        ","127800"
"Killing Fields                                    ","1984","141","Krieg                         ","Madacy                        ","995"
"King Arthur                                       ","2004","130","Historical                    ","Televista                     ","40037"
"Kingdom of Heaven                                 ","2005","145","Historical                    ","Image                         ","145956"
"Kingsman                                          ","2014","129","Komödie                       ","MGM/UA                        ","290075"
"Kiss Kiss, Bang Bang                              ","2005","102","Komödie                       ","Buena Vista                   ","278417"
"Knockin' on Heaven's Door                         ","1996","86","Deutscher Film                ","New Horizons                  ","23899"
"Königreich für ein Lama, Ein                      ","2000","75","Animation                     ","Word Films                    ","116250"
"Krieg der Welten (War of the Worlds)              ","2005","116","Sci-Fi                        ","Homespun                      ","245181"
"Krieger und die Kaiserin, Der                     ","2000","130","Deutscher Film                ","Platinum                      ","250990"
"Kühe sind los, Die                                ","2004","73","Animation                     ","Platinum                      ","103583"
"Kundun                                            ","1997","133","Historical                    ","Tapeworm                      ","288206"
"Küss den Frosch                                   ","2009","97","Animation                     ","Desert Island Films           ","103583"
"Lady in the Water                                 ","2006","110","Fantasy                       ","CustomFlix                    ","19179"
"Last Days on Mars, The                            ","2013","98","Sci-Fi                        ","Sector 5 Films                ","101036"
"Last King of Scotland, The                        ","2006","118","Drama                         ","Progressive Arts & Music      ","35316"
"Last Samurai, The                                 ","2003","154","Historical                    ","URC Media Studios             ","67740"
"Laws of Attraction                                ","2004","90","Liebe                         ","World Wide Multi Media        ","192765"
"Lazarus Projekt, Das                              ","2008","100","Drama                         ","First Look                    ","184080"
"League of Extraordinary Gentlemen, The            ","2003","112","Fantasy                       ","First Look                    ","229674"
"Legend of 1900, The (Der Ozeanpianist)            ","1998","170","Drama                         ","First Look                    ","17024"
"Les Misérables                                    ","2012","157","Drama                         ","First Look                    ","109175"
"Letters From Iwo Jima                             ","2006","135","Krieg                         ","MGM/UA                        ","221634"
"Letters to Juliet (Biefe an Julia)                ","2010","105","Komödie                       ","Visual Entertainment          ","258872"
"Liebe auf Umwegen (Raising Helen)                 ","2004","114","Liebe                         ","Visual Entertainment          ","191944"
"Liebe und Eis (The Cutting Edge)                  ","1992","101","Liebe                         ","Visual Entertainment          ","285218"
"Lion King                                         ","1994","87","Animation                     ","S'More Entertainment          ","62551"
"Lissi und der wilde Kaiser                        ","2007","85","Animation                     ","S'More Entertainment          ","61334"
"Lola Rennt                                        ","1998","87","Deutscher Film                ","S'More Entertainment          ","250990"
"Longest Day, The                                  ","1962","180","Krieg                         ","Audio Fidelity                ","123287"
"Lord of the Rings II - The Two Towers             ","2002","170","Fantasy                       ","Actes Sud                     ","11831"
"Lord of the Rings III - The Return of the King    ","2003","210","Fantasy                       ","Actes Sud                     ","11831"
"Lord of War                                       ","2005","122","Crime                         ","Actes Sud                     ","96623"
"LOST - Staffel 1                                  ","2004","1069","TV-Serie                      ","Warner Brothers               ","173614"
"LOST - Staffel 3                                  ","2007","946","TV-Serie                      ","Warner Brothers               ","173614"
"LOST - Staffel 4                                  ","2009","577","TV-Serie                      ","Warner Brothers               ","173614"
"LOST - Staffel 5                                  ","2010","703","TV-Serie                      ","Sony Norte                    ","173614"
"LOST - Staffel 6                                  ","2010","750","TV-Serie                      ","Sony Norte                    ","173614"
"Machtlos (Rendition)                              ","2007","120","Drama                         ","Beauty Media                  ","74254"
"Madagascar                                        ","2005","80","Animation                     ","Beauty Media                  ","173611"
"Madagascar II                                     ","2008","89","Animation                     ","Beauty Media                  ","173611"
"Mädchenjahre einer Königin                        ","1954","118","Heimatfilm                    ","Beauty Media                  ","34268"
"Magnolia                                          ","1999","188","Drama                         ","PBS                           ","75076"
"Man about Town                                    ","2006","95","Liebe                         ","Cookie Jar Entertainment      ","135495"
"Männerpension                                     ","1995","90","Deutscher Film                ","PBS                           ","125006"
"Mary Poppins                                      ","1964","140","Animation                     ","PBS                           ","162492"
"Master and Commander                              ","2003","138","Historical                    ","PBS                           ","14539"
"Matrix                                            ","1999","120","Sci-Fi                        ","PBS                           ","108946"
"Matrix Reloaded                                   ","2003","138","Sci-Fi                        ","PBS                           ","108946"
"Matrix Revolutions                                ","2003","129","Sci-Fi                        ","Sony Wonder                   ","108946"
"Maulwurf, Der - Abenteuer als Fotograf            ","1969","44","Animation                     ","PBS                           ","135534"
"Maulwurf, Der - Abenteuer als Gärtner             ","1966","44","Animation                     ","PBS                           ","135534"
"Maulwurf, Der - Abenteuer im Karneval             ","1970","44","Animation                     ","PBS                           ","135534"
"Maulwurf, Der - Abenteuer mit dem Igel            ","1968","44","Animation                     ","PBS                           ","135534"
"Maulwurf, Der - In der Stadt                      ","1982","60","Animation                     ","PBS                           ","135534"
"Maulwurf, Der - Und seine Freunde                 ","1995","70","Animation                     ","PBS                           ","135534"
"Max Payne                                         ","2008","100","Sci-Fi                        ","PBS                           ","109292"
"McLeods Töchter: Staffel 1                        ","2007","968","TV-Serie                      ","PBS                           ","136839"
"McLeods Töchter: Staffel 2                        ","2007","968","TV-Serie                      ","PBS                           ","291300"
"McLeods Töchter: Staffel 3                        ","2007","1320","TV-Serie                      ","PBS                           ","54343"
"McLeods Töchter: Staffel 4                        ","2007","1408","TV-Serie                      ","PBS                           ","291300"
"McLeods Töchter: Staffel 5                        ","2007","1408","TV-Serie                      ","PBS                           ","291300"
"McLeods Töchter: Staffel 6                        ","2008","1369","TV-Serie                      ","Sony Music                    ","291300"
"McLeods Töchter: Staffel 7                        ","2008","1372","TV-Serie                      ","PBS                           ","291300"
"McLeods Töchter: Staffel 8                        ","2009","944","TV-Serie                      ","PBS                           ","291300"
"Meet the Fockers                                  ","2004","100","Komödie                       ","PBS                           ","41571"
"Meet the Parents                                  ","2000","108","Komödie                       ","PBS                           ","41571"
"Mein Name ist Eugen                               ","2005","97","Schweizer Film                ","PBS                           ","26680"
"Mercury Rising                                    ","1998","130","Action                        ","PBS                           ","291896"
"Merida - Legende der Highlands                    ","2012","91","Animation                     ","PBS                           ","73942"
"Metro                                             ","1997","117","Action                        ","PBS                           ","113164"
"Miami Vice                                        ","2006","135","Crime                         ","PBS                           ","179168"
"Grounding                                         ","2005","135","Schweizer Film                ","A&E Video                     ","26680"
"Half Light                                        ","2006","106","Horror                        ","A&E Video                     ","107830"
"Hamburger Hill                                    ","1987","110","Krieg                         ","A&E Video                     ","33753"
"Hangover 3                                        ","2013","96","Komödie                       ","A&E Video                     ","35892"
"Happening, The                                    ","2008","95","Sci-Fi                        ","A&E Video                     ","19179"
"Happy Feet                                        ","2006","104","Animation                     ","A&E Video                     ","13869"
"Harry Potter I - Stein der Weisen                 ","2001","153","Fantasy                       ","A&E Video                     ","36844"
"Harry Potter III - Gefangene von Askaban          ","2004","136","Fantasy                       ","A&E Video                     ","64193"
"Harry Potter IV - Feuerkelch                      ","2005","157","Fantasy                       ","A&E Video                     ","258329"
"Harry Potter V - Orden des Phönix                 ","2007","138","Fantasy                       ","A&E Video                     ","103011"
"Harry Potter VI - Halbblutprinz                   ","2009","153","Fantasy                       ","Universal Music & Video       ","103011"
"Harry Potter VII - Heiligtümer des Todes (Teil 2) ","2010","125","Fantasy                       ","Universal Music & Video       ","103011"
"Hart am Limit (Torque)                            ","2004","81","Action                        ","Universal Records Argentina   ","199528"
"Haus am See, Das (The Lake House)                 ","2006","105","Drama                         ","MSI Music                     ","258084"
"Haven - Staffel 1                                 ","2010","600","Sci-Fi                        ","Universal Music & Video       ","31930"
"Head in the Clouds                                ","2004","124","Historical                    ","Maya Entertainment            ","19402"
"Hearts in Atlantis                                ","2001","116","Drama                         ","BNN                           ","169579"
"Hercules                                          ","2014","91","Animation                     ","Koch Lorber                   ","52295"
"Herr der Gezeiten (The Prince of Tides)           ","1991","132","Drama                         ","Westar                        ","11152"
"Hinter dem Horizont (What Dreams May Come)        ","1998","106","Fantasy                       ","Tekila Films                  ","119465"
"History of Violance, The                          ","2005","96","Drama                         ","Adopt Films                   ","98494"
"Hitch                                             ","2005","115","Komödie                       ","Accentus                      ","28305"
"Hochzeits-Crasher, Die (Wedding Crashers)         ","2005","114","Komödie                       ","Tipica Records                ","997"
"Scharlachrote Buchstabe, Der (Scarlet Letter)     ","1995","118","Historical                    ","Tell Me Why                   ","995"
"Schatz zum Verlieben, Ein (Fool's Gold)           ","2008","108","Komödie                       ","Tell Me Why                   ","28305"
"Schatzinsel, Die (PRO7)                           ","2007","184","Action                        ","Tell Me Why                   ","270957"
"Schatzplanet, Der                                 ","2002","95","Animation                     ","Tell Me Why                   ","103583"
"Schindler's List                                  ","1993","185","Drama                         ","Tell Me Why                   ","245181"
"Schneeweisschen und Rosenrot                      ","1978","67","TV-Serie                      ","Tell Me Why                   ","78874"
"Schneewittchen und die sieben Zwerge              ","2010","80","Animation                     ","Tell Me Why                   ","103583"
"Schöne und das Biest, Die                         ","2010","91","Animation                     ","Tell Me Why                   ","103583"
"Schuh des Manitu, Der                             ","2002","88","Deutscher Film                ","Tell Me Why                   ","61334"
"Schwanenprinzessin, Die                           ","1994","85","Animation                     ","Tell Me Why                   ","274777"
"Schwerter des Königs (Dungeon Siege Tale)         ","2008","124","Fantasy                       ","Tell Me Why                   ","188915"
"Schwester der Königin, Die                        ","2008","105","Drama                         ","Tell Me Why                   ","258246"
"Score, The                                        ","2001","123","Crime                         ","Tell Me Why                   ","254494"
"Se7en                                             ","1995","107","Crime                         ","Tell Me Why                   ","135303"
"Seide (Silk)                                      ","2007","104","Drama                         ","Tell Me Why                   ","258126"
"Selbst ist die Braut (The Proposal)               ","2009","108","Komödie                       ","Tell Me Why                   ","156854"
"Sennentuntschi                                    ","2010","110","Schweizer Film                ","Tell Me Why                   ","26680"
"Sentinel, The                                     ","2006","107","Action                        ","Tell Me Why                   ","251779"
"Shaft                                             ","1971","98","Crime                         ","Tell Me Why                   ","17025"
"Shooter                                           ","2007","121","Drama                         ","MathTutorDVD                  ","40037"
"Shrek                                             ","2001","89","Animation                     ","MathTutorDVD                  ","146689"
"Shrek 2                                           ","2004","93","Animation                     ","Houghton Mifflin College Div. ","146689"
"Shutter Island                                    ","2010","138","Drama                         ","Addison-Wesley                ","288206"
"Sideways                                          ","2004","122","Komödie                       ","Addison-Wesley                ","14390"
"Sieben Leben (Seven Pounds)                       ","2008","118","Drama                         ","Houghton Mifflin College Div. ","51435"
"Signs                                             ","2002","106","Sci-Fi                        ","Houghton Mifflin College Div. ","19179"
"Silent Hill                                       ","2006","121","Horror                        ","Video Aided Instruction       ","245674"
"Sin City                                          ","2005","124","Crime                         ","Video Aided Instruction       ","207534"
"Sinn & Sinnlichkeit (Sense and Sensibility)       ","1995","135","Drama                         ","Houghton Mifflin College Div. ","192638"
"Sissi, die junge Kaiserin                         ","1956","107","Heimatfilm                    ","Tell Me Why                   ","34268"
"Sissi, Schicksalsjahre einer Kaiserin             ","1957","109","Heimatfilm                    ","Tell Me Why                   ","34268"
"Sixth Sense                                       ","1999","107","Horror                        ","Tell Me Why                   ","19179"
"Sky High                                          ","2005","102","Teenagers                     ","Tell Me Why                   ","242948"
"Sleeping Dictionary (Selima & John)               ","2002","105","Liebe                         ","Tell Me Why                   ","23900"
"Sliding Doors                                     ","1998","105","Liebe                         ","Tell Me Why                   ","192765"
"Slumdog Millionaire                               ","2008","120","Drama                         ","Tell Me Why                   ","51481"
"Snatch                                            ","2000","102","Komödie                       ","Tell Me Why                   ","133105"
"Snow White and the Huntsman                       ","2012","127","Fantasy                       ","Tell Me Why                   ","48439"
"Snowpiercer                                       ","2013","126","Sci-Fi                        ","Tell Me Why                   ","172454"
"So was wie Liebe (A Lot Like Love)                ","2005","103","Liebe                         ","Tell Me Why                   ","96666"
"Solange du da bist (Just Like Heaven)             ","2005","95","Liebe                         ","Tell Me Why                   ","99824"
"Speed                                             ","1994","115","Action                        ","Tell Me Why                   ","281578"
"Speed 2: Cruise Control                           ","1997","125","Action                        ","Tell Me Why                   ","281578"
"Sphere                                            ","1998","130","Horror                        ","Brooks/Cole Publishing        ","273091"
"Spider-Man                                        ","2002","121","Fantasy                       ","Brooks/Cole Publishing        ","72059"
"Spider-Man 2                                      ","2004","127","Fantasy                       ","Houghton Mifflin College Div. ","72059"
"Spider-Man 3                                      ","2007","140","Fantasy                       ","Films for the Humanities ...  ","72059"
"Spiel mir das Lied vom Tod                        ","1969","165","Drama                         ","NYFA Film Archives            ","268628"
"Stalingrad                                        ","1993","150","Krieg                         ","New Video                     ","133208"
"Star Wars I - The Phantom Menace                  ","1999","131","Sci-Fi                        ","Kultur                        ","107265"
"Star Wars II - Attack of the Clones               ","2002","120","Sci-Fi                        ","Films for the Humanities ...  ","107265"
"Star Wars III - Revenge of the Sith               ","2005","142","Sci-Fi                        ","VIP Learning                  ","107265"
"Star Wars IV - A New Hope                         ","1977","121","Sci-Fi                        ","Hoop Haven                    ","107265"
"Star Wars V - The Empire Strikes Back             ","1980","124","Sci-Fi                        ","Celebrity                     ","211559"
"Star Wars VI - Return of the Jedi                 ","1983","133","Sci-Fi                        ","Zeitgeist                     ","65153"
"Statement, The                                    ","2003","120","Drama                         ","American Pop Classics         ","78240"
"Stay                                              ","2005","99","Drama                         ","Sony Pictures                 ","116708"
"Step up                                           ","2006","98","Drama                         ","Trinity Home Entertainment    ","156854"
"Sternwanderer, Der (Stardust)                     ","2007","128","Fantasy                       ","Buena Vista                   ","290075"
"Stolz & Vorurteil (Pride & Prejudice)             ","2005","128","Liebe                         ","Unicine                       ","60432"
"Streben nach Glück (Pursuit of Happyness)         ","2006","120","Drama                         ","Music Video Distributors      ","51435"
"Stumme Zeugin (Mute Witness)                      ","1995","90","Crime                         ","New West Records              ","23452"
"Super 8                                           ","2011","111","Sci-Fi                        ","Quarterstick                  ","173614"
"Superman - The New Adventures of …(I)             ","1993","978","Fantasy                       ","Grapevine Video               ","10742"
"Superman - The New Adventures of …(II)            ","1994","966","Fantasy                       ","Music Video Distributors      ","17448"
"Susi und Strolch                                  ","2012","73","Animation                     ","Phoenix Entertainment Group   ","103583"
"Sweet Home Alabama                                ","2002","105","Liebe                         ","Music Video Distributors      ","28305"
"Syriana                                           ","2005","126","Crime                         ","Phoenix Entertainment Group   ","285880"
"Tag des Falken, Der (Ladyhawke)                   ","1985","121","Fantasy                       ","Cali Swangin'                 ","35899"
"Taking Lives                                      ","2004","103","Crime                         ","Cali Swangin'                 ","107610"
"Tarzan 2                                          ","2009","71","Animation                     ","Super D                       ","89560"
"Tatsächlich…Liebe (Love Actually)                 ","2003","128","Liebe                         ","EMI France                    ","121246"
"Tears of the Sun                                  ","2003","118","Krieg                         ","Raro Video USA                ","40037"
"Terminal, The                                     ","2004","125","Komödie                       ","Lions Gate                    ","245181"
"Terminator                                        ","1984","108","Sci-Fi                        ","Venus Pictures                ","290105"
"Terminator 2: Judgment Day                        ","1991","135","Sci-Fi                        ","Decon                         ","290105"
"Terminator 3: Rise of the Machines                ","2003","109","Sci-Fi                        ","Time Life                     ","118269"
"Teufel trägt Prada, Der (Devil Wears Prada)       ","2006","110","Komödie                       ","St. Clair Entertainment       ","80971"
"Thin Red Line                                     ","1998","166","Krieg                         ","St. Clair Entertainment       ","37954"
"Third Wave (Die Verschwörung)                     ","2003","114","Crime                         ","St. Clair Entertainment       ","36343"
"Milk                                              ","2008","128","Drama                         ","PBS                           ","170857"
"Million Dollar Baby                               ","2004","132","Drama                         ","PBS                           ","221634"
"Minority Report                                   ","2002","144","Sci-Fi                        ","PBS                           ","245181"
"Miss Undercover I                                 ","2000","105","Komödie                       ","PBS                           ","142832"
"Miss Undercover II                                ","2005","110","Komödie                       ","PBS                           ","19158"
"Missing, The                                      ","2003","130","Drama                         ","PBS                           ","101236"
"Mission: Impossible                               ","1996","110","Action                        ","Warner Brothers               ","66760"
"Mission: Impossible II                            ","2000","118","Action                        ","PBS                           ","13933"
"Mission: Impossible III                           ","2006","126","Action                        ","PBS                           ","173614"
"Mitten ins Herz - Ein Song für Dich               ","2007","100","Komödie                       ","PBS                           ","214294"
"Mona Lisa Smile                                   ","2003","117","Historical                    ","PBS                           ","258329"
"Monster                                           ","2003","111","Drama                         ","PBS                           ","126212"
"Monster Inc.                                      ","2001","88","Animation                     ","PBS                           ","73942"
"Monty Python and the Holy Grail                   ","1975","89","Komödie                       ","PBS                           ","291113"
"Monty Python's Life of Brian                      ","1979","93","Komödie                       ","PBS                           ","291113"
"Monuments Men, The                                ","2014","118","Krieg                         ","PBS                           ","999"
"Moonlight and Valentino                           ","1995","107","Drama                         ","PBS                           ","66343"
"Mulan                                             ","1998","86","Animation                     ","PBS                           ","282673"
"München                                           ","2005","164","Crime                         ","PBS                           ","245181"
"Perfect Man, The                                  ","2005","96","Liebe                         ","TLC                           ","291114"
"Pinocchio                                         ","2010","84","Animation                     ","FilmRise                      ","103583"
"Planes                                            ","2013","92","Animation                     ","Eastern Star                  ","73942"
"ROM - 1. Staffel                                  ","2007","600","Historical                    ","Tell Me Why                   ","216471"
"Safe House                                        ","2012","116","Crime                         ","Tell Me Why                   ","12417"
"Saving Private Ryan                               ","1998","170","Krieg                         ","Tell Me Why                   ","245181"
"Timeline                                          ","2003","116","Sci-Fi                        ","Cerebellum                    ","35899"
"Titanic                                           ","1997","194","Drama                         ","IFC                           ","290105"
"Trainspotting                                     ","1985","93","Drama                         ","Shout! Factory                ","51481"
"Vergessenen, Die (The Forgotten)                  ","2004","96","Drama                         ","Hart Sharp Video              ","70837"
"Village, The                                      ","2004","103","Horror                        ","Paramount                     ","19179"
"Wall-E                                            ","2008","95","Animation                     ","Paramount                     ","291929"
"While You Were Sleeping                           ","1995","100","Liebe                         ","Paramount                     ","55521"
"Wie werde ich ihn los - in 10 Tagen?              ","2003","100","Liebe                         ","Paramount                     ","142832"
"Wir sind die Millers (We are the Millers)         ","2013","110","Komödie                       ","Image                         ","276064"
"Life of David Gale                                ","2003","130","Action                        ","S'More Entertainment          ","258331"
"Lord of the Rings I - The Fellowship              ","2001","178","Fantasy                       ","Actes Sud                     ","11831"
"LOST - Staffel 2                                  ","2006","1004","TV-Serie                      ","Warner Brothers               ","173614"
"Luftbrücke - Nur der Himmel war frei              ","2005","186","Historical                    ","Beauty Media                  ","22772"
"Magische Schwert, Das                             ","1998","83","Animation                     ","PBS                           ","71139"
"Männerzirkus (Someone Like You)                   ","2001","100","Komödie                       ","PBS                           ","192539"
"Hangover                                          ","2009","100","Komödie                       ","A&E Video                     ","35892"
"Harry Potter II - Kammer des Schreckens           ","2002","115","Fantasy                       ","A&E Video                     ","36844"
"Harry Potter VII - Heiligtümer des Todes (Teil 1) ","2010","146","Fantasy                       ","Universal Music International ","103011"
"Haven - Staffel 2                                 ","2011","526","Sci-Fi                        ","Universal Music & Video       ","31930"
"Hexe und der Zauberer, Die                        ","2010","76","Animation                     ","Cinema Libre                  ","103583"
"Hoch klingt der Radetzkymarsch                    ","1958","96","Heimatfilm                    ","Televista                     ","258333"
"Sissi                                             ","1955","102","Heimatfilm                    ","Houghton Mifflin College Div. ","34268"
"Sleepers                                          ","1996","140","Drama                         ","Tell Me Why                   ","273091"
"Snow Falling on Cedars                            ","1999","125","Drama                         ","Tell Me Why                   ","169579"
"Social Network, The                               ","2010","120","Drama                         ","Tell Me Why                   ","135303"
"Spider                                            ","2003","98","Drama                         ","Brooks/Cole Publishing        ","98494"
"Spurenwechsel (Changing Lanes)                    ","2002","99","Action                        ","Weston Woods                  ","270265"
"Thelma & Louise                                   ","1991","128","Drama                         ","St. Clair Entertainment       ","145956"
"Mimic                                             ","1997","102","Horror                        ","PBS                           ","16665"
"Mission to Mars                                   ","2000","113","Sci-Fi                        ","Cookie Jar Entertainment      ","66760"
"Mit aller Macht (Primary Colors)                  ","1998","135","Komödie                       ","PBS                           ","11151"
"Monsters University                               ","2013","110","Animation                     ","PBS                           ","258156"
"Mr. and Mrs. Smith                                ","2005","120","Komödie                       ","PBS                           ","244989"
"","","","","",""
